DATE,Sales,CPI_all,CPI_lfe,CPI_NewV,CPI_UsedV,CapUtil,PayrollNF,UnempRT
1976-01-01,12.814,55.8,55.9,65.5,45.1,75.8112,78503,7.9
1976-02-01,13.34,55.9,56.2,65.8,45.8,80.8298,78816,7.7
1976-03-01,13.378,56.0,56.5,66.1,47.3,80.6025,79048,7.6
1976-04-01,13.222999999999999,56.1,56.7,66.3,48.8,82.3248,79292,7.7
1976-05-01,12.962,56.4,57.0,66.4,49.8,82.1777,79312,7.4
1976-06-01,13.050999999999998,56.7,57.2,66.5,50.4,83.5208,79376,7.6
1976-07-01,13.466,57.0,57.6,66.7,51.0,85.068,79547,7.8
1976-08-01,12.953,57.3,57.9,67.1,51.7,86.3502,79704,7.8
1976-09-01,13.61,57.6,58.2,67.6,52.3,76.5447,79892,7.6
1976-10-01,12.823,57.9,58.5,68.7,52.9,72.299,79911,7.7
1976-11-01,13.332,58.1,58.7,68.4,53.6,85.8141,80240,7.8
1976-12-01,14.527000000000001,58.4,58.9,68.6,54.5,95.8337,80448,7.8
1977-01-01,14.395999999999999,58.7,59.3,68.8,55.3,88.3357,80690,7.5
1977-02-01,14.709000000000001,59.3,59.7,68.9,56.3,85.8944,80988,7.6
1977-03-01,15.17,59.6,60.0,69.3,57.0,92.0548,81391,7.4
1977-04-01,15.135,60.0,60.3,69.4,57.2,89.8151,81728,7.2
1977-05-01,14.984000000000002,60.2,60.6,69.7,56.7,88.491,82088,7.0
1977-06-01,14.952,60.5,61.0,70.0,55.8,93.2289,82488,7.2
1977-07-01,14.640999999999998,60.8,61.2,70.3,54.9,93.4729,82834,6.9
1977-08-01,14.859000000000002,61.1,61.5,70.6,53.9,91.659,83075,7.0
1977-09-01,14.65,61.3,61.8,70.9,53.4,91.2272,83532,6.8
1977-10-01,14.9,61.6,62.0,72.1,52.7,91.8387,83800,6.8
1977-11-01,14.799000000000001,62.0,62.3,72.6,52.6,87.2499,84173,6.8
1977-12-01,15.175,62.3,62.7,73.6,52.2,89.4396,84410,6.4
1978-01-01,13.704,62.7,63.1,74.2,52.6,76.9879,84594,6.4
1978-02-01,14.363,63.0,63.4,74.5,52.8,81.2854,84948,6.3
1978-03-01,15.165999999999999,63.4,63.8,74.8,53.1,89.069,85460,6.3
1978-04-01,16.198,63.9,64.3,74.7,53.5,96.1684,86162,6.1
1978-05-01,16.298,64.5,64.7,74.9,54.3,90.8244,86509,6.0
1978-06-01,16.348,65.0,65.2,75.4,55.5,91.4072,86950,5.9
1978-07-01,15.527999999999999,65.5,65.6,75.7,56.6,94.5297,87204,6.2
1978-08-01,16.045,65.9,66.1,76.0,57.4,94.2526,87483,5.9
1978-09-01,14.640999999999998,66.5,66.7,76.6,57.9,91.486,87621,6.0
1978-10-01,15.845,67.1,67.2,77.3,58.4,93.9666,87956,5.8
1978-11-01,15.484000000000002,67.5,67.6,77.9,58.8,98.1303,88391,5.9
1978-12-01,15.338,67.9,68.0,78.6,59.1,94.1233,88671,6.0
1979-01-01,15.061,68.5,68.5,79.0,57.9,100.6154,88808,5.9
1979-02-01,15.321,69.2,69.2,79.8,58.7,93.3086,89055,5.9
1979-03-01,15.275,69.9,69.8,80.3,59.9,91.7069,89479,5.8
1979-04-01,14.742,70.6,70.3,81.2,61.2,80.8626,89417,5.8
1979-05-01,14.374,71.4,70.8,81.6,62.3,89.1559,89789,5.6
1979-06-01,12.744000000000002,72.2,71.3,81.9,62.8,82.7226,90108,5.7
1979-07-01,14.112,73.0,71.9,82.4,62.3,76.6626,90217,5.7
1979-08-01,14.344000000000001,73.7,72.7,82.7,61.3,62.552,90300,6.0
1979-09-01,14.292,74.4,73.3,82.9,60.1,75.4529,90327,5.9
1979-10-01,13.112,75.2,74.0,83.2,59.0,71.8746,90481,6.0
1979-11-01,13.025,76.0,74.8,83.8,58.3,67.6782,90573,5.9
1979-12-01,13.495999999999999,76.9,75.7,84.2,58.6,64.5872,90672,6.0
1980-01-01,14.439,78.0,76.7,85.2,59.1,60.4351,90800,6.3
1980-02-01,13.276,79.0,77.5,86.3,59.4,65.3863,90883,6.3
1980-03-01,12.077,80.1,78.6,86.5,59.7,60.9889,90994,6.3
1980-04-01,10.444,80.9,79.5,87.4,59.9,54.7311,90849,6.9
1980-05-01,9.54,81.7,80.1,88.0,60.2,47.15,90420,7.5
1980-06-01,10.449000000000002,82.5,81.0,87.9,60.3,46.9227,90101,7.6
1980-07-01,11.664000000000001,82.6,80.8,88.5,60.9,47.7651,89840,7.8
1980-08-01,11.154000000000002,83.2,81.3,89.8,61.5,45.2295,90099,7.7
1980-09-01,10.912,83.9,82.1,90.5,63.7,58.9274,90213,7.5
1980-10-01,11.412,84.7,83.0,90.3,65.5,63.4658,90490,7.5
1980-11-01,11.257,85.6,83.9,90.6,67.8,69.0172,90747,7.5
1980-12-01,10.939,86.4,84.9,90.6,69.1,62.4486,90943,7.2
1981-01-01,11.282,87.2,85.4,90.9,70.3,57.7163,91033,7.5
1981-02-01,12.350999999999999,88.0,85.9,90.9,71.3,57.2265,91105,7.4
1981-03-01,12.427,88.6,86.4,90.4,72.0,61.273,91210,7.4
1981-04-01,10.49,89.1,87.0,91.9,72.4,66.3428,91283,7.2
1981-05-01,10.354000000000001,89.7,87.8,93.9,73.8,68.6815,91296,7.5
1981-06-01,10.415,90.5,88.6,94.7,75.6,67.8904,91490,7.5
1981-07-01,10.427999999999999,91.5,89.8,95.1,77.5,64.6017,91601,7.2
1981-08-01,12.681,92.2,90.7,94.8,79.1,60.4719,91565,7.4
1981-09-01,11.08,93.1,91.8,95.1,80.9,53.3966,91477,7.6
1981-10-01,9.418,93.4,92.1,95.6,82.5,56.2102,91380,7.9
1981-11-01,9.494,93.8,92.5,96.1,83.3,50.7011,91171,8.3
1981-12-01,9.055,94.1,93.0,96.8,83.6,48.4561,90895,8.5
1982-01-01,10.285,94.4,93.3,96.9,84.2,39.7112,90565,8.6
1982-02-01,10.924000000000001,94.7,93.8,96.3,84.9,42.6154,90563,8.9
1982-03-01,10.651,94.7,93.9,96.0,85.8,48.9154,90434,9.0
1982-04-01,9.747,95.0,94.7,96.8,86.7,55.1585,90150,9.3
1982-05-01,11.103,95.9,95.4,97.2,87.8,58.5589,90107,9.4
1982-06-01,9.613,97.0,96.1,97.7,89.4,58.7904,89865,9.6
1982-07-01,9.759,97.5,96.7,98.1,90.1,64.7639,89521,9.8
1982-08-01,9.947000000000001,97.7,97.1,98.3,90.4,57.4032,89363,9.8
1982-09-01,11.129000000000001,97.7,97.2,98.3,90.6,52.4067,89183,10.1
1982-10-01,10.14,98.1,97.5,98.0,90.9,46.9356,88907,10.4
1982-11-01,12.03,98.0,97.3,97.9,91.8,47.311,88786,10.8
1982-12-01,11.249,97.7,97.2,98.3,92.8,52.652,88771,10.8
1983-01-01,10.865,97.9,97.6,98.6,93.3,56.4563,88990,10.4
1983-02-01,10.607999999999999,98.0,98.0,98.9,94.0,60.0917,88917,10.4
1983-03-01,11.023,98.1,98.2,99.0,94.5,57.7504,89090,10.3
1983-04-01,11.673,98.8,98.6,99.2,95.0,59.8553,89364,10.2
1983-05-01,12.027999999999999,99.2,98.9,99.5,95.5,61.5245,89644,10.1
1983-06-01,12.96,99.4,99.2,99.7,96.6,64.1323,90021,10.1
1983-07-01,12.917,99.8,99.8,99.8,98.2,66.303,90437,9.4
1983-08-01,12.245999999999999,100.1,100.1,100.3,100.2,71.2073,90129,9.5
1983-09-01,12.450999999999999,100.4,100.5,100.6,102.1,73.6565,91247,9.2
1983-10-01,13.311,100.8,101.0,100.8,103.7,75.2453,91520,8.8
1983-11-01,13.125,101.1,101.5,101.0,105.5,74.3253,91875,8.5
1983-12-01,14.503,101.4,101.8,101.3,106.5,77.8042,92230,8.3
1984-01-01,14.21,102.1,102.5,101.4,107.5,83.0663,92673,8.0
1984-02-01,14.380999999999998,102.6,102.8,101.6,107.5,79.5763,93157,7.8
1984-03-01,14.21,102.9,103.2,101.9,109.1,80.101,93429,7.8
1984-04-01,14.357000000000001,103.3,103.7,102.1,110.8,75.6318,93792,7.7
1984-05-01,14.856,103.5,104.1,102.3,112.7,72.7188,94098,7.4
1984-06-01,14.673,103.7,104.5,102.5,113.8,73.6513,94479,7.2
1984-07-01,14.758,104.1,105.0,102.8,114.4,76.8789,94789,7.5
1984-08-01,14.279000000000002,104.4,105.4,103.0,114.9,80.9799,95032,7.5
1984-09-01,13.959000000000001,104.7,105.8,103.3,114.8,74.1084,95344,7.3
1984-10-01,14.642000000000001,105.1,106.2,103.5,114.9,73.1036,95629,7.4
1984-11-01,14.774000000000001,105.3,106.4,103.6,114.9,80.7279,95982,7.2
1984-12-01,14.602,105.5,106.8,103.7,114.9,85.0535,96107,7.3
1985-01-01,15.562999999999999,105.7,107.1,104.4,115.0,88.6749,96372,7.3
1985-02-01,15.724,106.3,107.7,104.9,116.3,83.0061,96503,7.2
1985-03-01,15.357999999999999,106.8,108.1,105.3,116.7,82.3869,96842,7.2
1985-04-01,15.520999999999999,107.0,108.4,105.5,116.1,82.2377,97038,7.3
1985-05-01,15.561,107.2,108.8,105.7,114.6,81.0124,97312,7.2
1985-06-01,15.093,107.5,109.1,106.0,113.5,80.8115,97459,7.4
1985-07-01,15.498,107.7,109.4,106.2,112.5,87.8168,97648,7.4
1985-08-01,16.91,107.9,109.8,106.4,112.0,84.9979,97840,7.1
1985-09-01,19.104,108.1,110.0,106.8,111.8,83.1481,98045,7.1
1985-10-01,14.185,108.5,110.5,106.8,111.9,82.1431,98233,7.1
1985-11-01,14.622,109.0,111.1,107.3,112.1,85.8176,98443,7.0
1985-12-01,15.710999999999999,109.5,111.4,107.4,112.6,81.3578,98609,7.0
1986-01-01,16.06,109.9,111.9,107.8,112.7,88.9653,98732,6.7
1986-02-01,15.370999999999999,109.7,112.2,108.1,111.8,86.0027,98847,7.2
1986-03-01,14.161,109.1,112.5,108.4,110.8,81.8254,98934,7.2
1986-04-01,15.849,108.7,112.9,109.0,109.5,78.555,99121,7.1
1986-05-01,16.302,109.0,113.1,109.9,108.6,77.2044,99248,7.2
1986-06-01,15.92,109.4,113.4,110.7,108.1,79.5464,99155,7.2
1986-07-01,15.742,109.5,113.8,111.3,107.6,78.9143,99473,7.0
1986-08-01,17.285,109.6,114.2,111.6,107.1,76.5287,99588,6.9
1986-09-01,21.495,110.0,114.6,111.8,107.4,79.1194,99934,7.0
1986-10-01,14.793,110.2,115.0,112.3,107.5,75.8504,100121,7.0
1986-11-01,14.822000000000001,110.4,115.3,113.1,107.6,77.0298,100308,6.9
1986-12-01,18.079,110.8,115.6,113.4,106.9,79.8299,100509,6.6
1987-01-01,12.414000000000001,111.4,115.9,113.9,106.6,79.0542,100678,6.6
1987-02-01,15.109000000000002,111.8,116.2,112.9,107.5,83.3665,100919,6.6
1987-03-01,15.299000000000001,112.2,116.6,112.9,109.5,80.5142,101164,6.6
1987-04-01,15.452,112.7,117.3,113.3,111.4,78.0362,101499,6.3
1987-05-01,14.572000000000001,113.0,117.7,113.8,113.1,75.1362,101728,6.3
1987-06-01,15.619000000000002,113.5,117.9,114.3,114.1,71.2194,101900,6.2
1987-07-01,15.655,113.8,118.3,114.9,115.0,68.6848,102247,6.1
1987-08-01,17.092,114.3,118.7,115.0,115.4,68.2977,102420,6.0
1987-09-01,16.119,114.7,119.2,115.3,115.7,70.9502,102647,5.9
1987-10-01,14.258,115.0,119.8,115.4,115.8,77.2841,103138,6.0
1987-11-01,14.543,115.4,120.1,115.8,116.1,75.8485,103372,5.8
1987-12-01,15.645,115.6,120.4,115.4,116.4,72.6154,103661,5.7
1988-01-01,16.083,116.0,120.9,115.1,115.9,70.5366,103753,5.7
1988-02-01,16.512999999999998,116.2,121.2,115.1,116.4,71.6189,104214,5.7
1988-03-01,16.182000000000002,116.5,121.7,115.1,116.9,73.6586,104489,5.7
1988-04-01,15.545,117.2,122.3,115.4,117.3,78.998,104732,5.4
1988-05-01,15.940999999999999,117.5,122.7,115.8,117.4,80.2901,104962,5.6
1988-06-01,15.854000000000001,118.0,123.2,116.3,117.6,80.8838,105326,5.4
1988-07-01,15.704,118.5,123.6,116.6,117.9,71.024,105550,5.4
1988-08-01,15.385,119.0,124.0,117.1,118.5,75.1759,105674,5.6
1988-09-01,15.047,119.5,124.7,117.9,118.9,80.2022,106013,5.4
1988-10-01,15.162,119.9,125.2,117.9,119.2,81.539,106276,5.4
1988-11-01,15.394,120.3,125.6,118.0,119.2,84.8805,106617,5.3
1988-12-01,16.437,120.7,126.0,118.0,119.7,88.5951,106898,5.3
1989-01-01,15.372,121.2,126.5,118.3,121.1,92.8788,107161,5.4
1989-02-01,14.991,121.6,126.9,118.5,122.3,90.8147,107427,5.2
1989-03-01,14.662,122.2,127.4,118.7,122.7,87.1613,107621,5.0
1989-04-01,16.024,123.1,127.8,118.9,122.7,87.4604,107791,5.2
1989-05-01,15.267000000000001,123.7,128.3,119.1,121.7,83.3542,107913,5.2
1989-06-01,14.384,124.1,128.8,119.1,120.9,78.3076,108027,5.3
1989-07-01,14.695,124.5,129.2,119.1,120.1,68.9747,108069,5.2
1989-08-01,16.547,124.5,129.5,119.0,119.1,80.0799,108120,5.2
1989-09-01,15.66,124.8,129.9,118.8,118.6,79.7419,108369,5.3
1989-10-01,13.581,125.4,130.6,119.3,118.4,73.9979,108476,5.3
1989-11-01,13.37,125.9,131.1,120.3,118.6,75.4968,108752,5.4
1989-12-01,13.55,126.3,131.6,120.9,119.2,77.292,108836,5.4
1990-01-01,16.308,127.5,132.1,121.3,119.2,55.1468,109199,5.4
1990-02-01,14.363,128.0,132.7,121.2,118.7,75.2591,109435,5.3
1990-03-01,14.485999999999999,128.6,133.5,120.9,118.5,80.2238,109644,5.2
1990-04-01,14.280999999999999,128.9,134.0,120.8,118.2,76.3456,109686,5.4
1990-05-01,14.022,129.1,134.4,120.9,117.6,78.6889,109839,5.4
1990-06-01,14.149000000000001,129.9,135.1,120.8,117.3,81.4677,109856,5.2
1990-07-01,14.081,130.5,135.8,120.8,117.5,75.8256,109824,5.5
1990-08-01,13.859000000000002,131.6,136.6,121.1,117.2,75.2863,109616,5.7
1990-09-01,14.298,132.5,137.1,121.2,117.2,77.416,109518,5.9
1990-10-01,13.749,133.4,137.6,121.8,116.8,71.9029,109367,5.9
1990-11-01,13.134,133.7,138.0,122.5,115.4,56.7623,109214,6.2
1990-12-01,12.958,134.2,138.6,123.4,116.3,53.2819,109166,6.3
1991-01-01,11.829,134.7,139.5,124.2,116.6,57.0709,109055,6.4
1991-02-01,12.409,134.8,140.2,124.8,116.6,52.8274,108734,6.6
1991-03-01,12.847999999999999,134.8,140.5,125.3,116.8,54.0707,108574,6.8
1991-04-01,12.038,135.1,140.9,125.5,117.2,57.9807,108364,6.7
1991-05-01,12.487,135.6,141.3,125.7,117.9,61.6464,108249,6.9
1991-06-01,12.719000000000001,136.0,141.8,126.0,118.4,65.0468,108334,6.9
1991-07-01,12.972000000000001,136.2,142.3,126.3,119.4,68.7196,108292,6.8
1991-08-01,12.565,136.6,142.9,126.4,118.7,62.3942,108310,6.9
1991-09-01,13.107000000000001,137.0,143.4,126.4,118.4,72.0848,108336,6.9
1991-10-01,12.217,137.2,143.7,126.7,118.6,70.4913,108357,7.0
1991-11-01,12.575999999999999,137.8,144.2,127.0,119.0,68.5006,108296,7.0
1991-12-01,12.658,138.2,144.7,127.5,119.1,66.0963,108328,7.3
1992-01-01,12.591,138.3,145.1,127.6,118.6,55.5962,108369,7.3
1992-02-01,12.927,138.6,145.4,127.9,118.0,63.0869,108311,7.4
1992-03-01,12.824000000000002,139.1,145.9,128.3,118.6,66.1637,108365,7.4
1992-04-01,12.55,139.4,146.3,128.6,120.2,68.5823,108519,7.4
1992-05-01,13.097999999999999,139.7,146.8,129.0,121.3,73.6802,108649,7.6
1992-06-01,13.543,140.1,147.1,129.3,122.5,70.7314,108715,7.8
1992-07-01,12.853,140.5,147.6,129.3,123.5,78.0327,108793,7.7
1992-08-01,12.873,140.8,147.9,129.8,125.0,73.1454,108925,7.6
1992-09-01,13.378,141.1,148.1,130.0,126.2,70.8364,108959,7.6
1992-10-01,13.655,141.7,148.8,130.0,127.4,74.6934,109139,7.3
1992-11-01,13.218,142.1,149.2,130.4,128.3,74.6903,109272,7.4
1992-12-01,13.784,142.3,149.6,130.5,128.0,77.6106,109495,7.4
1993-01-01,13.457,142.8,150.1,130.9,127.4,79.6691,109794,7.3
1993-02-01,12.969000000000001,143.1,150.6,131.1,126.0,77.0198,110044,7.1
1993-03-01,13.325999999999999,143.3,150.8,131.3,126.6,79.2454,109994,7.0
1993-04-01,14.527000000000001,143.8,151.4,131.7,128.7,79.5651,110296,7.1
1993-05-01,14.519,144.2,151.8,132.2,131.5,79.6625,110568,7.1
1993-06-01,14.49,144.3,152.1,132.3,134.3,78.5924,110749,7.0
1993-07-01,14.450999999999999,144.5,152.3,132.9,136.1,75.6339,111055,6.9
1993-08-01,13.584000000000001,144.8,152.8,133.4,137.5,71.7794,111206,6.8
1993-09-01,13.99,145.0,152.9,133.6,138.7,76.8455,111448,6.7
1993-10-01,14.911,145.6,153.4,134.2,139.8,82.2399,111733,6.8
1993-11-01,14.882,146.0,153.9,134.6,140.7,84.4847,111984,6.6
1993-12-01,15.004000000000001,146.3,154.3,134.9,139.3,84.681,112314,6.5
1994-01-01,15.379000000000001,146.3,154.5,135.3,136.8,87.4505,112595,6.6
1994-02-01,15.52,146.7,154.8,135.7,134.1,89.3229,112781,6.6
1994-03-01,15.300999999999998,147.1,155.3,136.1,133.6,87.1305,113242,6.5
1994-04-01,16.012999999999998,147.2,155.5,136.4,135.3,88.208,113586,6.4
1994-05-01,14.577,147.5,155.9,137.0,137.9,86.2048,113921,6.1
1994-06-01,15.109000000000002,147.9,156.4,137.5,140.9,87.3665,114238,6.1
1994-07-01,14.875,148.4,156.7,138.1,142.6,84.1484,114610,6.1
1994-08-01,15.359000000000002,149.0,157.1,138.4,144.0,89.1211,114896,6.0
1994-09-01,15.274000000000001,149.3,157.5,138.9,145.4,87.8063,115247,5.9
1994-10-01,15.894,149.4,157.8,139.2,147.7,87.8956,115458,5.8
1994-11-01,15.89,149.8,158.2,139.2,150.1,86.1242,115869,5.6
1994-12-01,15.584000000000001,150.1,158.3,139.4,151.5,86.0922,116165,5.5
1995-01-01,14.800999999999998,150.5,159.0,139.8,152.4,86.3455,116501,5.6
1995-02-01,14.860999999999999,150.9,159.4,139.9,153.3,86.4998,116697,5.4
1995-03-01,15.255999999999998,151.2,159.9,140.0,154.8,86.7086,116907,5.4
1995-04-01,14.378,151.8,160.4,140.6,156.7,85.1594,117069,5.8
1995-05-01,14.806,152.1,160.7,140.9,157.7,82.178,117049,5.6
1995-06-01,15.407,152.4,161.1,141.1,158.3,83.338,117286,5.6
1995-07-01,14.7,152.6,161.4,141.0,157.5,77.0302,117380,5.7
1995-08-01,15.368,152.9,161.8,141.1,157.0,82.9416,117634,5.7
1995-09-01,15.338,153.1,162.2,141.3,156.5,83.9409,117875,5.6
1995-10-01,14.860999999999999,153.5,162.7,141.6,157.2,79.7576,118031,5.5
1995-11-01,15.38,153.7,163.0,141.9,157.8,78.5796,118175,5.6
1995-12-01,16.262,153.9,163.1,142.1,158.2,80.0865,118320,5.6
1996-01-01,14.812000000000001,154.7,163.7,142.4,158.1,75.1076,118316,5.6
1996-02-01,15.587,155.0,164.0,142.8,158.4,80.5876,118739,5.5
1996-03-01,16.044,155.5,164.4,143.0,159.1,67.9372,118993,5.5
1996-04-01,15.466,156.1,164.6,143.0,158.1,84.4088,119158,5.6
1996-05-01,15.993,156.4,165.0,143.2,157.4,83.963,119486,5.6
1996-06-01,15.255999999999998,156.7,165.4,143.6,156.7,86.1619,119769,5.3
1996-07-01,15.074000000000002,157.0,165.7,143.8,156.7,89.8538,120015,5.5
1996-08-01,15.485999999999999,157.2,166.0,144.0,156.6,83.7939,120199,5.1
1996-09-01,15.534,157.7,166.5,144.5,156.8,85.7389,120410,5.2
1996-10-01,15.308,158.2,166.8,144.5,156.2,78.7049,120665,5.2
1996-11-01,15.712,158.7,167.2,144.6,155.7,82.4201,120961,5.4
1996-12-01,15.183,159.1,167.4,144.7,154.9,85.6369,121143,5.4
1997-01-01,15.682,159.4,167.8,144.6,154.8,86.3125,121363,5.3
1997-02-01,15.270999999999999,159.7,168.1,144.6,154.7,87.4061,121675,5.2
1997-03-01,15.815999999999999,159.8,168.4,144.7,155.0,88.8429,121990,5.2
1997-04-01,15.058,159.9,168.9,144.6,154.3,80.2406,122286,5.1
1997-05-01,15.088,159.9,169.2,144.4,153.5,81.7481,122546,4.9
1997-06-01,14.524000000000001,160.2,169.4,144.3,151.6,85.4632,122814,5.0
1997-07-01,15.568,160.4,169.7,144.3,150.1,82.4854,123111,4.9
1997-08-01,16.148,160.8,169.8,144.2,149.0,85.9499,123093,4.8
1997-09-01,15.095999999999998,161.2,170.2,144.0,148.2,86.9632,123585,4.9
1997-10-01,15.431,161.5,170.6,144.1,147.3,87.8329,123929,4.7
1997-11-01,15.825,161.7,170.8,143.8,147.0,91.587,124235,4.6
1997-12-01,16.474,161.8,171.2,143.3,147.4,89.3774,124549,4.7
1998-01-01,14.789000000000001,162.0,171.6,143.4,148.1,87.7323,124812,4.6
1998-02-01,15.232000000000001,162.0,171.9,143.6,148.7,86.065,125016,4.6
1998-03-01,15.405,162.0,172.2,143.8,148.4,85.5976,125164,4.7
1998-04-01,15.923,162.2,172.5,143.8,148.9,86.313,125442,4.3
1998-05-01,17.057000000000002,162.6,172.9,143.1,149.9,85.4951,125844,4.4
1998-06-01,16.771,162.8,173.2,142.8,150.8,70.3402,126076,4.5
1998-07-01,14.668,163.2,173.5,143.4,151.4,54.1661,126205,4.5
1998-08-01,14.796,163.4,174.0,144.1,151.4,88.9641,126544,4.5
1998-09-01,16.313,163.5,174.2,143.6,151.6,88.8811,126752,4.6
1998-10-01,17.131,163.9,174.4,143.2,152.0,92.3745,126954,4.5
1998-11-01,16.118,164.1,174.8,143.2,153.0,89.9357,127231,4.4
1998-12-01,17.409000000000002,164.4,175.4,143.3,152.4,90.8316,127596,4.4
1999-01-01,16.593,164.7,175.6,143.5,150.6,89.465,127702,4.3
1999-02-01,17.097,164.7,175.6,143.0,148.3,89.5404,128120,4.4
1999-03-01,16.832,164.8,175.7,142.8,147.4,88.8932,128227,4.2
1999-04-01,16.929000000000002,165.9,176.3,142.8,148.3,89.3673,128597,4.3
1999-05-01,17.564,166.0,176.5,142.8,149.6,90.4931,128808,4.2
1999-06-01,17.346,166.0,176.6,142.8,150.9,89.8882,129089,4.3
1999-07-01,17.688,166.7,177.1,142.7,152.3,87.4461,129414,4.3
1999-08-01,17.641,167.1,177.3,142.7,153.8,94.8111,129569,4.2
1999-09-01,17.662,167.8,177.8,142.8,155.7,89.5591,129772,4.2
1999-10-01,17.684,168.1,178.1,143.0,156.4,93.7209,130177,4.1
1999-11-01,17.62,168.4,178.4,142.8,156.1,92.6708,130466,4.1
1999-12-01,18.322,168.8,178.7,142.6,155.0,90.7805,130772,4.0
2000-01-01,18.635,169.3,179.3,142.4,153.9,93.5038,131005,4.0
2000-02-01,19.401,170.0,179.4,142.2,153.0,92.4798,131124,4.1
2000-03-01,18.343,171.0,180.0,142.7,153.0,93.2014,131596,4.0
2000-04-01,17.939,170.9,180.3,143.0,154.0,94.8675,131888,3.8
2000-05-01,17.942999999999998,171.2,180.7,143.2,155.4,95.8763,132105,4.0
2000-06-01,17.596,172.2,181.1,143.2,155.7,93.5392,132061,4.0
2000-07-01,17.316,172.7,181.5,143.3,155.3,87.3981,132236,4.0
2000-08-01,17.531,172.7,181.9,143.2,155.2,90.3067,132230,4.1
2000-09-01,18.654,173.6,182.3,142.7,156.2,89.265,132353,3.9
2000-10-01,17.514,173.9,182.6,142.2,157.9,86.7542,132351,3.9
2000-11-01,16.634,174.2,183.1,142.3,159.3,81.9259,132556,3.9
2000-12-01,16.222,174.6,183.3,142.6,160.2,77.9431,132709,3.9
2001-01-01,17.652,175.6,183.9,142.5,160.4,74.8836,132698,4.2
2001-02-01,17.826,176.0,184.4,142.4,160.4,76.1773,132789,4.2
2001-03-01,17.248,176.1,184.7,142.3,159.9,82.6528,132747,4.3
2001-04-01,16.872,176.4,185.1,142.3,159.7,82.1115,132463,4.4
2001-05-01,16.875999999999998,177.3,185.3,142.2,159.1,85.4242,132410,4.3
2001-06-01,17.464000000000002,177.7,186.0,142.1,158.9,82.4333,132299,4.5
2001-07-01,16.463,177.4,186.4,142.1,158.3,83.3083,132177,4.6
2001-08-01,16.348,177.4,186.7,141.6,158.0,80.9074,132028,4.9
2001-09-01,16.365,178.1,187.1,141.4,157.3,77.519,131771,5.0
2001-10-01,22.055,177.6,187.4,141.6,157.8,75.3918,131454,5.3
2001-11-01,18.031,177.5,188.1,142.2,157.4,80.0781,131142,5.5
2001-12-01,16.465,177.4,188.4,142.5,157.2,83.682,130982,5.7
2002-01-01,16.523,177.7,188.7,141.5,155.6,82.4621,130852,5.7
2002-02-01,17.304000000000002,178.0,189.1,140.2,153.9,81.2627,130736,5.7
2002-03-01,17.109,178.5,189.2,140.1,152.1,81.3382,130717,5.7
2002-04-01,17.667,179.3,189.7,140.0,151.8,84.2765,130623,5.9
2002-05-01,16.198,179.5,190.0,139.8,151.8,84.0408,130634,5.8
2002-06-01,16.953,179.6,190.2,139.6,152.2,85.2546,130684,5.8
2002-07-01,18.144000000000002,180.0,190.5,139.6,152.7,89.2706,130590,5.8
2002-08-01,18.449,180.5,191.1,139.4,153.4,86.6273,130587,5.7
2002-09-01,16.665,180.8,191.3,139.9,152.2,85.7837,130501,5.7
2002-10-01,16.26,181.2,191.5,140.0,150.7,84.1942,130628,5.7
2002-11-01,16.52,181.5,191.9,140.1,148.8,89.1927,130615,5.9
2002-12-01,17.866,181.8,192.1,139.8,148.5,84.6423,130472,6.0
2003-01-01,16.706,182.6,192.4,138.5,148.3,90.3909,130580,5.8
2003-02-01,16.114,183.6,192.5,138.2,148.4,85.6687,130444,5.9
2003-03-01,16.465999999999998,183.9,192.5,138.7,148.5,85.3589,130232,5.9
2003-04-01,16.754,183.2,192.5,138.3,148.4,84.2138,130177,6.0
2003-05-01,16.471,182.9,192.9,138.1,147.9,82.3662,130196,6.1
2003-06-01,17.014,183.1,193.0,137.8,147.4,82.7841,130194,6.3
2003-07-01,17.113,183.7,193.4,137.6,145.7,87.5336,130191,6.2
2003-08-01,18.262,184.5,193.6,138.0,143.3,81.1663,130149,6.1
2003-09-01,17.287,185.1,193.7,137.6,139.0,87.3822,130254,6.1
2003-10-01,16.49,184.9,194.0,137.1,135.1,84.8444,130454,6.0
2003-11-01,17.563,185.0,194.0,137.2,132.0,84.6295,130474,5.8
2003-12-01,17.357,185.5,194.2,137.2,131.0,84.2847,130588,5.7
2004-01-01,16.694000000000003,186.3,194.6,136.8,131.8,84.777,130769,5.7
2004-02-01,17.032,186.7,194.9,137.3,131.8,84.3342,130825,5.6
2004-03-01,17.246,187.1,195.5,137.3,131.8,83.4995,131142,5.8
2004-04-01,16.9,187.4,195.9,137.3,131.6,82.6083,131411,5.6
2004-05-01,18.187,188.2,196.2,137.5,131.8,80.3119,131694,5.6
2004-06-01,16.174,188.9,196.6,137.7,129.9,76.2585,131793,5.6
2004-07-01,17.304000000000002,189.1,196.8,136.8,130.9,75.8736,131848,5.5
2004-08-01,17.158,189.2,196.9,135.9,132.0,78.6743,131937,5.4
2004-09-01,17.875999999999998,189.8,197.5,136.0,135.5,78.4547,132093,5.4
2004-10-01,17.514,190.8,197.9,136.4,136.7,81.4237,132447,5.5
2004-11-01,17.362000000000002,191.7,198.3,137.6,137.7,78.4075,132503,5.4
2004-12-01,18.102,191.7,198.6,138.1,138.4,80.8778,132624,5.4
2005-01-01,16.887999999999998,191.6,199.0,138.5,138.6,78.3673,132774,5.3
2005-02-01,16.887,192.4,199.4,138.6,138.4,84.3042,133032,5.4
2005-03-01,17.417,193.1,200.1,138.3,138.3,79.7737,133156,5.2
2005-04-01,17.754,193.7,200.2,138.3,138.4,78.4475,133518,5.2
2005-05-01,17.414,193.6,200.5,138.7,138.8,78.567,133690,5.1
2005-06-01,18.483,193.7,200.6,138.6,139.3,80.1372,133942,5.0
2005-07-01,21.129,194.9,200.9,137.3,139.9,74.5194,134296,5.0
2005-08-01,17.419,196.1,201.1,136.5,140.1,81.1198,134498,4.9
2005-09-01,16.928,198.8,201.3,137.1,140.3,82.7244,134566,5.0
2005-10-01,15.335999999999999,199.1,202.0,137.7,140.2,82.6249,134655,5.0
2005-11-01,16.524,198.1,202.5,137.7,140.3,77.65,134993,5.0
2005-12-01,17.174,198.1,202.8,137.5,140.2,72.9299,135149,4.9
2006-01-01,18.081,199.3,203.2,138.0,140.3,75.7909,135429,4.7
2006-02-01,17.072,199.4,203.6,138.1,140.4,74.4296,135737,4.8
2006-03-01,16.959,199.7,204.3,137.9,140.8,76.2975,136047,4.7
2006-04-01,17.129,200.7,204.8,137.9,141.0,75.0801,136205,4.7
2006-05-01,16.729,201.3,205.4,137.7,141.1,73.1132,136244,4.6
2006-06-01,16.901,201.8,205.9,137.7,141.0,74.3054,136325,4.6
2006-07-01,17.655,202.9,206.3,137.8,140.7,64.0223,136520,4.7
2006-08-01,16.459,203.8,206.8,137.6,140.4,70.3877,136694,4.7
2006-09-01,16.975,202.8,207.2,137.6,139.9,66.371,136843,4.5
2006-10-01,16.866,201.9,207.6,137.4,139.0,64.7144,136852,4.4
2006-11-01,16.657,202.0,207.8,136.6,138.3,66.5586,137063,4.5
2006-12-01,17.107,203.1,208.1,136.4,137.2,70.0879,137249,4.4
2007-01-01,16.896,203.437,208.6,136.437,136.16899999999998,64.9952,137477,4.6
2007-02-01,17.169,204.226,209.135,136.201,135.533,70.1434,137558,4.5
2007-03-01,16.436,205.28799999999998,209.418,136.481,135.201,71.3118,137793,4.4
2007-04-01,16.617,205.90400000000002,209.747,136.578,134.995,76.245,137842,4.5
2007-05-01,16.660999999999998,206.755,210.058,136.32299999999998,134.653,75.5879,137993,4.4
2007-06-01,16.179000000000002,207.234,210.392,136.171,134.57,77.5499,138069,4.6
2007-07-01,15.834000000000001,207.60299999999998,210.773,136.236,134.748,76.055,138038,4.7
2007-08-01,16.38,207.667,211.11900000000003,136.438,135.255,75.8858,138015,4.6
2007-09-01,16.533,208.547,211.554,136.05100000000002,136.02200000000002,71.1798,138095,4.7
2007-10-01,16.456,209.19,212.077,135.83100000000002,136.707,70.7991,138174,4.7
2007-11-01,16.354,210.834,212.66,136.154,137.559,71.7549,138284,4.7
2007-12-01,16.03,211.445,213.168,136.09799999999998,137.855,72.2563,138392,5.0
2008-01-01,15.706,212.174,213.771,135.92600000000002,138.938,68.9803,138403,5.0
2008-02-01,15.492,212.687,213.93900000000002,135.405,138.81799999999998,69.334,138324,4.9
2008-03-01,15.116,213.44799999999998,214.42,134.953,138.541,62.5404,138275,5.1
2008-04-01,14.602,213.942,214.56,134.726,137.659,57.4794,138035,5.0
2008-05-01,14.697000000000001,215.208,214.93599999999998,134.64600000000002,136.393,57.6721,137858,5.4
2008-06-01,14.377,217.463,215.424,134.66,135.02,61.8008,137687,5.6
2008-07-01,13.003,219.016,215.965,134.821,133.709,59.7137,137491,5.8
2008-08-01,14.119000000000002,218.69,216.393,134.162,132.535,50.9092,137213,6.1
2008-09-01,12.962,218.877,216.713,133.496,131.17600000000002,52.566,136753,6.1
2008-10-01,10.933,216.995,216.78799999999998,132.925,129.407,50.3211,136272,6.5
2008-11-01,10.525,213.153,216.947,132.497,128.048,48.9894,135545,6.8
2008-12-01,10.383,211.398,216.925,132.069,127.323,45.7484,134839,7.3
2009-01-01,9.786,211.933,217.34599999999998,132.66899999999998,126.66799999999999,26.474,134055,7.8
2009-02-01,9.222999999999999,212.705,217.792,133.415,124.405,34.3932,133312,8.3
2009-03-01,9.748,212.495,218.253,133.866,122.21,36.9048,132512,8.7
2009-04-01,9.38,212.709,218.706,134.36700000000002,121.887,38.7255,131817,9.0
2009-05-01,10.176,213.02200000000002,218.90400000000002,134.987,122.53299999999999,31.8199,131475,9.4
2009-06-01,10.149,214.79,219.112,135.72899999999998,123.236,29.9813,131008,9.5
2009-07-01,11.565,214.726,219.263,136.298,122.844,48.1879,130668,9.5
2009-08-01,14.754000000000001,215.445,219.49599999999998,134.77100000000002,125.01100000000001,50.0772,130485,9.6
2009-09-01,9.536,215.861,219.92,135.524,127.631,59.2953,130244,9.8
2009-10-01,10.575999999999999,216.50900000000001,220.50099999999998,137.891,132.475,57.153,130045,10.0
2009-11-01,11.04,217.234,220.666,139.067,135.73,60.8039,130057,9.9
2009-12-01,11.284,217.347,220.88099999999997,138.928,139.376,60.1498,129788,9.9
2010-01-01,10.892999999999999,217.488,220.63299999999998,138.321,142.829,62.0712,129790,9.8
2010-02-01,10.315,217.28099999999998,220.731,138.11700000000002,143.173,58.1021,129698,9.8
2010-03-01,11.772,217.35299999999998,220.783,137.879,142.377,59.908,129879,9.9
2010-04-01,11.454,217.403,220.822,137.639,141.68,59.17,130110,9.9
2010-05-01,12.03,217.29,220.96200000000002,137.482,140.952,65.4456,130650,9.6
2010-06-01,11.597999999999999,217.199,221.19400000000002,137.409,141.951,64.4481,130511,9.4
2010-07-01,11.947000000000001,217.605,221.363,137.484,142.512,72.2302,130427,9.4
2010-08-01,12.014000000000001,217.923,221.50900000000001,137.782,143.42,66.6607,130422,9.5
2010-09-01,11.922,218.275,221.71099999999998,138.264,144.032,67.1064,130357,9.5
2010-10-01,12.414000000000001,219.035,221.83,138.442,144.313,68.2564,130625,9.4
2010-11-01,12.3,219.59,222.149,138.469,144.751,63.6917,130750,9.8
2010-12-01,12.606,220.472,222.343,138.678,145.66899999999998,62.7865,130822,9.3
2011-01-01,12.806,221.187,222.803,138.938,146.47799999999998,64.1719,130841,9.1
2011-02-01,13.081,221.898,223.213,139.725,146.18200000000002,68.3307,131053,9.0
2011-03-01,13.259,223.046,223.454,140.42,145.64600000000002,71.3266,131288,9.0
2011-04-01,13.327,224.093,223.727,140.878,145.542,62.4991,131602,9.1
2011-05-01,12.28,224.80599999999998,224.175,142.014,146.476,64.5256,131703,9.0
2011-06-01,11.886,224.80599999999998,224.697,142.70600000000002,148.518,63.8973,131939,9.1
2011-07-01,12.719000000000001,225.395,225.218,142.856,149.971,67.9921,131999,9.0
2011-08-01,12.604000000000001,226.106,225.862,142.84799999999998,151.312,69.8176,132125,9.0
2011-09-01,13.356,226.597,226.118,142.94,151.67700000000002,69.5223,132358,9.0
2011-10-01,13.731,226.75,226.50599999999997,143.095,151.986,74.2284,132562,8.8
2011-11-01,13.742,227.169,226.899,143.035,152.187,70.9006,132694,8.6
2011-12-01,13.798,227.22299999999998,227.405,143.16299999999998,152.083,72.3192,132896,8.5
2012-01-01,14.395,227.842,227.877,143.466,151.106,78.6998,133250,8.3
2012-02-01,14.975,228.329,228.03400000000002,143.838,149.893,76.2989,133512,8.3
2012-03-01,14.594000000000001,228.80700000000002,228.47799999999998,143.901,149.265,74.7172,133752,8.2
2012-04-01,14.77,229.187,228.905,143.898,150.053,75.6251,133834,8.2
2012-05-01,14.495999999999999,228.713,229.22400000000002,143.942,151.58700000000002,74.2451,133934,8.2
2012-06-01,14.467,228.524,229.623,144.07299999999998,152.263,75.5361,134007,8.2
2012-07-01,14.38,228.59,229.97,144.13,151.97,74.7075,134159,8.2
2012-08-01,14.444,229.918,230.233,144.311,150.871,71.7079,134331,8.1
2012-09-01,15.099,231.015,230.65900000000002,144.359,149.64700000000002,69.8585,134518,7.8
2012-10-01,14.831,231.638,231.024,144.547,148.986,72.5414,134677,7.8
2012-11-01,15.456,231.24900000000002,231.33,145.024,148.93200000000002,74.4853,134833,7.7
2012-12-01,15.462,231.22099999999998,231.725,145.31799999999998,149.243,78.6255,135072,7.9
2013-01-01,15.812999999999999,231.679,232.229,145.533,149.741,74.6998,135263,8.0
2013-02-01,15.860999999999999,232.937,232.56900000000002,145.121,149.789,77.1981,135541,7.7
2013-03-01,15.722999999999999,232.282,232.794,145.26,148.912,79.0519,135680,7.5
2013-04-01,15.81,231.797,232.832,145.378,148.577,77.4226,135871,7.6
2013-05-01,15.884,231.893,232.99599999999998,145.379,148.501,77.8699,136093,7.5
2013-06-01,16.148,232.445,233.35,145.85399999999998,148.74200000000002,79.2319,136274,7.5
2013-07-01,16.021,232.9,233.88,146.024,149.058,72.0115,136386,7.3
2013-08-01,15.827,233.456,234.33599999999998,146.066,149.539,78.552,136628,7.2
2013-09-01,15.857000000000001,233.544,234.7,146.381,150.458,80.2674,136815,7.2
2013-10-01,15.728,233.669,234.921,146.233,151.248,78.595,137040,7.2
2013-11-01,16.078,234.1,235.359,146.171,151.993,80.3383,137304,6.9
2013-12-01,15.834000000000001,234.71900000000002,235.75900000000001,146.042,152.457,80.187,137373,6.7
2014-01-01,15.614,235.28799999999998,235.96099999999998,145.624,151.535,71.7493,137548,6.6
2014-02-01,15.993,235.547,236.185,145.625,150.718,79.7455,137714,6.7
2014-03-01,16.985,236.028,236.625,145.64600000000002,149.641,79.8215,137968,6.7
2014-04-01,16.697,236.468,237.072,145.986,149.217,78.0333,138293,6.2
2014-05-01,17.137,236.918,237.52900000000002,146.14,149.006,81.5343,138511,6.3
2014-06-01,17.516,237.231,237.83700000000002,146.099,148.921,81.5211,138837,6.1
2014-07-01,17.277,237.498,238.195,146.255,149.216,89.4145,139069,6.2
2014-08-01,17.239,237.46,238.405,146.464,149.472,81.4354,139257,6.1
2014-09-01,16.959,237.477,238.78599999999997,146.717,149.859,79.6886,139566,5.9
2014-10-01,16.757,237.43,239.19099999999997,146.928,148.954,77.7111,139818,5.7
2014-11-01,16.947,236.983,239.458,146.959,147.488,84.0672,140109,5.8
2014-12-01,17.179000000000002,236.252,239.584,146.886,145.83,82.9841,140377,5.6
2015-01-01,16.935,234.747,239.81099999999998,146.10399999999998,144.875,83.0698,140568,5.7
2015-02-01,16.889,235.342,240.172,146.316,147.264,76.6861,140839,5.5
2015-03-01,17.849,235.976,240.755,146.672,147.694,81.8557,140910,5.4
2015-04-01,17.637999999999998,236.222,241.34599999999998,147.024,148.404,83.3073,141194,5.4
2015-05-01,18.017,237.00099999999998,241.688,147.327,149.29,87.8768,141525,5.6
2015-06-01,17.87,237.657,242.06400000000002,147.489,149.48,82.3181,141699,5.3
2015-07-01,18.314,238.03400000000002,242.565,147.46200000000002,149.078,95.8439,142001,5.2
2015-08-01,18.44,238.033,242.817,147.41,148.295,86.683,142126,5.1
2015-09-01,18.232,237.498,243.31599999999997,147.611,147.554,84.7704,142281,5.0
2015-10-01,18.202,237.733,243.768,147.481,146.39700000000002,85.4338,142587,5.0
2015-11-01,18.316,238.017,244.24099999999999,147.466,144.85,83.4819,142824,5.1
2015-12-01,17.441,237.761,244.547,147.27200000000002,143.955,81.9594,143097,5.0
2016-01-01,18.090999999999998,237.827,245.075,146.99200000000002,145.736,85.5369,143170,4.9
2016-02-01,18.025,237.514,245.644,147.255,145.832,84.8544,143433,4.9
2016-03-01,17.328,237.99,245.96400000000003,147.33100000000002,145.357,81.9337,143662,5.0
2016-04-01,17.715,238.835,246.467,147.08,145.131,83.9736,143849,5.0
2016-05-01,17.758,239.44,247.03599999999997,147.097,144.218,81.501,143891,4.8
2016-06-01,17.73,240.144,247.435,146.89,143.719,86.5807,144158,4.9
2016-07-01,18.108,240.111,247.791,147.387,142.907,89.5793,144512,4.8
2016-08-01,17.899,240.595,248.37099999999998,147.388,141.94899999999998,86.8364,144647,4.9
2016-09-01,17.961,241.06799999999998,248.709,147.531,141.619,86.3758,144916,5.0
2016-10-01,17.855999999999998,241.641,249.06799999999998,147.875,140.68,87.4541,145061,4.9
2016-11-01,17.748,241.993,249.502,147.72,139.614,84.8357,145212,4.7
2016-12-01,18.18,242.71200000000002,249.959,147.759,139.153,84.2513,145442,4.7
2017-01-01,17.665,243.717,250.519,148.363,138.55100000000002,84.9481,145627,4.7
2017-02-01,17.773,244.028,250.987,148.007,138.417,83.3325,145815,4.6
2017-03-01,17.097,243.72099999999998,250.894,147.657,139.037,78.1584,145944,4.4
2017-04-01,17.281,244.058,251.12900000000002,147.65200000000002,138.618,82.1839,146141,4.4
2017-05-01,17.254,243.926,251.372,147.493,138.309,81.0292,146296,4.4
2017-06-01,17.209,244.179,251.71400000000003,146.906,137.773,78.1427,146512,4.3
2017-07-01,17.18,244.328,252.00900000000001,146.394,137.102,75.072,146727,4.3
2017-08-01,17.016,245.304,252.562,146.329,136.9,73.8144,146911,4.4
2017-09-01,18.381,246.445,252.888,146.05100000000002,135.805,74.2673,146929,4.2
2017-10-01,18.198,246.57,253.53400000000002,145.85299999999998,137.797,76.3964,147196,4.1
2017-11-01,17.862000000000002,247.333,253.855,146.18,138.078,74.9344,147421,4.2
2017-12-01,17.697,247.847,254.38,146.988,137.795,75.1023,147551,4.1
2018-01-01,17.552,248.81599999999997,255.106,146.502,137.834,75.8837,147672,4.1
2018-02-01,17.555,249.475,255.57,145.87,137.754,78.3564,148078,4.1
2018-03-01,17.695,249.41299999999998,256.075,145.874,137.599,80.0908,148254,4.0
2018-04-01,17.774,249.957,256.487,145.28,137.718,78.3266,148391,4.0
2018-05-01,17.778,250.64,257.057,145.8,137.703,70.1896,148669,3.8
2018-06-01,17.701,251.176,257.422,146.205,137.987,77.0213,148888,4.0
2018-07-01,17.384,251.482,257.902,146.67600000000002,138.495,74.2678,149024,3.8
2018-08-01,17.361,251.905,258.065,146.715,138.666,77.9505,149268,3.8
2018-09-01,17.842,252.261,258.606,146.73,138.374,80.5831,149348,3.7
2018-10-01,17.999000000000002,252.77700000000002,258.993,146.612,138.526,77.9897,149549,3.8
2018-11-01,17.88,252.662,259.488,146.615,139.97299999999998,79.2151,149683,3.7
2018-12-01,17.886,252.653,259.986,146.589,139.67,84.3782,149865,3.9
2019-01-01,17.238,252.55,260.566,146.541,139.81799999999998,74.8535,150134,4.0
2019-02-01,17.026,253.18099999999998,260.89799999999997,146.32399999999998,139.442,77.5488,150135,3.8
2019-03-01,17.773,254.095,261.317,146.94799999999998,138.545,75.3862,150282,3.8
2019-04-01,17.049,254.94299999999998,261.835,147.053,139.208,73.727,150492,3.6
2019-05-01,17.933,255.167,262.199,147.106,138.187,77.152,150577,3.6
2019-06-01,17.705,255.40200000000002,262.925,147.05200000000002,139.92700000000002,81.2767,150759,3.7
2019-07-01,17.442,256.087,263.587,147.129,140.455,84.496,150953,3.7
2019-08-01,17.512,256.29400000000004,264.18,146.975,141.10399999999998,81.8988,151160,3.7
2019-09-01,17.723,256.593,264.682,146.858,141.983,74.7284,151368,3.5
2019-10-01,17.046,257.22900000000004,264.987,146.776,140.254,68.3003,151553,3.6
2019-11-01,17.447,257.824,265.501,146.558,139.31,84.9668,151814,3.5
2019-12-01,17.12,258.444,265.832,146.69,138.73,78.3159,151961,3.5
2020-01-01,17.311,258.82,266.476,146.736,137.062,81.9212,152186,3.6
